"Timestamp","I understand the above and agree to take part","Valence -> how pleasant or unpleasant did you feel during this playthrough?
1 label: very unpleasant - 9 label: very pleasant"," Arousal -> how calm or excited/agitated did you feel?
1 label: calm, relaxed - 9 label: excited, agitated"," Dominance -> how in-control vs. controlled/small did you feel?
1 label: controlled, submissive - 9 label: in control, dominant","What's one moment from that playthrough you remember?","Valence -> how pleasant or unpleasant did you feel during this playthrough?
1 label: very unpleasant - 9 label: very pleasant"," Arousal -> how calm or excited/agitated did you feel?
1 label: calm, relaxed - 9 label: excited, agitated"," Dominance -> how in-control vs. controlled/small did you feel?
1 label: controlled, submissive - 9 label: in control, dominant","What's one moment from that playthrough you remember?"," Anything you want to add now that you know what was being compared?"
"2026/08/31 7:42:48 PM GMT+3","Yes","3","3","3","I felt like the speed or Charlie Chat changed throughout the chase. I thought I could escape but its movements were unpredictable.","6","2","7","By seeing Charlie Chat at all times, its movements were more predictable. I could just walk to the side and outchase it, it was missing the thrill of the mysterious, unknown, unpredictable","The sound had more of an impact in the second version. When most of the screen is obscured, my mind feels quieter, I abstract on the rest and focus on the danger. The dynamic lighting was also impactful, as it wasn't a predictable, constant switch on-off of the lights. It varied, with the evolving speed, making it weirder, more mysterious."
"2026/08/31 7:51:13 PM GMT+3","Yes","8","8","2","any","7","8","2","any","it was scarier to see the figure instead of the darkness, and thought that 2nd one got no sound focused on running away"
"2026/09/03 12:39:54 AM GMT+3","Yes","2","8","7","Charlie chat finding me and asking if it should remember the interaction or not.","3","8","7","I remember that the character runs faster when it runs diagonally.",""
"2026/09/03 5:54:27 PM GMT+3","Yes","4","1","7","I mean its alright","5","1","6","it alright",""
"2026/09/03 10:15:07 PM GMT+3","Yes","8","8","5","Being slighly confused if i maanged to have lives or not, since the first two hits of the game just felt sudden. The other times it was pretty nice to have an ending with the dialogue and epxected it to go to a further phase after that.","7","4","6","realizing that the darkness did not swallo the charatcer really made it so much easier to just evaluate what to do and not be afraid of what was happening","I did see the changes made in the ""feel"" of the game, the shadows in particular being proximity based really added to the tension of being caught"